<?xml version="1.0" encoding="utf-8"?>
<modification>
    <name>Product3DControl</name>
    <id>product3dcontrol</id>
    <code>product3dcontrol</code>
    <version>1.0</version>
    <author>ST</author>
    <status>1</status>
    
    <file path="admin/controller/common/column_left.php">
        <operation>
            <search><![CDATA[if ($this->user->hasPermission('access', 'catalog/product')) {]]></search>
            <add position="before"><![CDATA[
      if ($this->user->hasPermission('access', 'extension/module/product3dcontrol')) {
        $catalog[] = array(
          'name'     => 'Προϊόντα 3D Create',
          'href'     => $this->url->link('extension/module/product3dcontrol', 'user_token=' . $this->session->data['user_token'], true),
          'children' => array()
        );
      }
      ]]></add>
        </operation>
    </file>
    
    <file path="catalog/model/catalog/product.php">
        <operation>
            <search><![CDATA[public function getProduct($product_id) {]]></search>
            <add position="before"><![CDATA[

    //Get  Product Model
  public function getModelPath($product_id){
        $sql = "SELECT * FROM `oc_product_models` WHERE `product_id` = '".$product_id."'";
    return $this->db->query($sql)->row['name'];  
  }

            ]]></add>
        </operation>
        <operation>
            <search><![CDATA['date_modified'    => $query->row['date_modified'],]]></search>
            <add position="before"><![CDATA[
        'has_model'        => $query->row['has_model'],]]></add>
        </operation>
    </file>
    
    <file path="catalog/controller/product/product.php">
        <operation>
            <search><![CDATA[if ($product_info) {]]></search>
            <add position="after"><![CDATA[
            /*3D  Settings*/
            $data['has_model'] = $product_info['has_model'];
            if($data['has_model']){
              if ($this->request->server['HTTPS']) {
                $server = $this->config->get('config_ssl');
              } else {
                $server = $this->config->get('config_url');
              }
              $data['model_path'] = $server.'image/catalog/extension/module/product3dcontrol/products/'.(int)$product_info['product_id'].'/'.$this->model_catalog_product->getModelPath($product_info['product_id']).'.glb';
              $data['hdri_path'] = $server.'image/catalog/extension/module/product3dcontrol/hdris/studio_small_08_1k.exr';
            }
            /*3D  Settings*/
            ]]></add>
        </operation>
    </file>
    
    <file path="catalog/view/theme/default/template/product/product.twig">
        <operation>
            <search><![CDATA[<div class="tab-pane active" id="tab-description">{{ description }}</div>]]></search>
            <add position="after"><![CDATA[
                
                {% if has_model == 1 %}
            <input type="hidden" id="model_path" value="{{ model_path }}"/>
            <div class="tab-pane" id="tab-product_3d">

             
            	<div id="model-container">

            	</div>
              {{ three_js }}
              <div id="loading-animation" style="display: none;"><div id="loading-message">Content Loading, please wait...</div>  <div class="dot"></div></div>
              <script type="importmap"> {
                      "imports": {
                      "three": "https://cdn.jsdelivr.net/npm/three@0.152.2/build/three.module.js",
                      "three/examples/jsm/controls/OrbitControls": "https://cdn.jsdelivr.net/npm/three@0.152.2/examples/jsm/controls/OrbitControls.js",
                      "three/examples/jsm/loaders/GLTFLoader": "https://cdn.jsdelivr.net/npm/three@0.152.2/examples/jsm/loaders/GLTFLoader.js",
                      "three/examples/jsm/loaders/EXRLoader": "https://cdn.jsdelivr.net/npm/three@0.152.2/examples/jsm/loaders/EXRLoader.js"
                      }
                    }
              </script>
              <script type="module">
                import * as THREE from 'three';
                import {
                  OrbitControls
                } from 'three/examples/jsm/controls/OrbitControls';
                import {
                  GLTFLoader
                } from 'three/examples/jsm/loaders/GLTFLoader';
                import {
                  EXRLoader
                } from 'three/examples/jsm/loaders/EXRLoader';
                $(document).ready(function(){

                  let model;
                  let modelPath = '{{ model_path }}'; // Get the path from the controller
                  // Scene, camera, and renderer setup
                  const scene = new THREE.Scene();
                  const camera = new THREE.PerspectiveCamera(75, 1, 0.1, 1000); // Aspect ratio set to 1 for square canvas
                  const renderer = new THREE.WebGLRenderer({
                      antialias: true
                  });
                  var width = $('#model-container').width();
                  var height = $('#model-container').height();
                  renderer.setSize(width, height); // Canvas size: Size Of Container px
                  renderer.setPixelRatio(window.devicePixelRatio);
                  renderer.toneMapping = THREE.ACESFilmicToneMapping;
                  renderer.outputColorSpace = THREE.SRGBColorSpace;
                  //renderer.outputEncoding = THREE.sRGBEncoding; OLD VERSION
                  // Append renderer to the tab-description div
                  const container = document.getElementById('model-container');
                  container.appendChild(renderer.domElement);
                  // Hide the renderer initially
                  renderer.domElement.style.visibility = 'hidden';
                  // Load HDRI from EXR file
                  let hdriLoaded = false;
                  let modelLoaded = false;
                  const exrLoader = new EXRLoader();
                  exrLoader.load('{{ hdri_path }}', (texture) => {
                      texture.mapping = THREE.EquirectangularReflectionMapping; // Map HDRI to environment
                      scene.environment = texture; // Set environment lighting
                      scene.background = texture; // Use HDRI as the background
                      hdriLoaded = true;
                      checkAssetsLoaded();
                  });
                  // Load the GLTF model
                  const loader = new GLTFLoader();
                  loader.load(
                      modelPath, // Path to the GLTF file
                      (gltf) => {
                          const model = gltf.scene;
                          scene.add(model);
                          model.position.set(0, -1, 0); // Adjust position if needed
                          modelLoaded = true;
                          checkAssetsLoaded();
                      },
                      (xhr) => {
                          console.log(`Model ${xhr.loaded / xhr.total * 100}% loaded`);
                      },
                      (error) => {
                          console.error('An error occurred while loading the model:', error);
                      }
                  );
                  // Check if both the HDRI and model are loaded
                  function checkAssetsLoaded() {
                      if (hdriLoaded && modelLoaded) {
                          document.getElementById('loading-animation').style.display = 'none'; // Hide loading animation
                          renderer.domElement.style.visibility = 'visible'; // Show canvas
                      }
                  }
                  // Lighting
                  /*
                  const ambientLight = new THREE.AmbientLight(0x404040, 2); // Soft light
                  scene.add(ambientLight);
                  const directionalLight = new THREE.DirectionalLight(0xffffff, 1);
                  directionalLight.position.set(5, 10, 7.5);
                  scene.add(directionalLight);
                  */
                  // Orbit controls for mouse interaction
                  const controls = new OrbitControls(camera, renderer.domElement);
                  controls.enableDamping = true; // Smooth rotation
                  controls.dampingFactor = 0.05;
                  controls.enablePan = false;
                  controls.minDistance = 2; // Restrict zooming in too close
                  controls.maxDistance = 6; // Restrict zooming out too far
                  // Set initial camera position
                  camera.position.set(3, 2, 5);
                  // Render loop
                  function animate() {
                      requestAnimationFrame(animate);
                      controls.update();
                      renderer.render(scene, camera);
                  }
                  animate();


                  window.addEventListener('resize', () => {
                      if (camera && renderer) {
                          camera.aspect = $('#model-container').width() / $('#model-container').height();
                          camera.updateProjectionMatrix();
                          renderer.setSize($('#model-container').width(), $('#model-container').height());
                      }
                  });
                  $('#show-3d-view').click(function(){
                    setTimeout(function(){
                      if (camera && renderer) {
                          camera.aspect = $('#model-container').width() / $('#model-container').height();
                          camera.updateProjectionMatrix();
                          renderer.setSize($('#model-container').width(), $('#model-container').height());
                      }
                    }, 10);
                  });
                })
              </script>
              <style>
                div#btn-help,div#btn-play{background-size:cover;filter:invert(.5) drop-shadow(0px 0px 2px black);left:5px;width:51px;z-index:1}div#slider-zoom,span#zoom-level{margin:5%;background:#d3d3d333;overflow:hidden;width:90%}.example-box,div#box-help .instr.show,div#box-help>ul,div#box-help>ul>li,img.example{display:block;float:left}@keyframes switchControl{0%{z-index:0}50%{z-index:0;margin-left:-100%}100%{z-index:2}}canvas#productView{position:absolute;width:100%;height:100%;top:0;left:0;cursor:move;cursor:grab;cursor:-moz-grab;cursor:-webkit-grab}div#btn-camera,div#btn-fullscreen,div#btn-move,div#btn-rotate{position:absolute;background-size:cover;filter:invert(.5) drop-shadow(0px 0px 2px black);cursor:pointer;z-index:1;left:50%;transform:translateX(-50%)}div#btn-camera{top:36%;width:44px;height:58px;background-image:url(https://olymposmarket.gr/image/mobile-camera-icon.svg);left:55%}div#btn-help{position:absolute;cursor:pointer;top:12%;height:69px;background-image:url(https://olymposmarket.gr/image/question-mark-icon.svg)}div#btn-rotate{top:24%;width:66px;height:58px;background-image:url(https://olymposmarket.gr/image/3d-rotate-icon.png)}div#btn-move{top:11%;width:59px;height:59px;background-image:url(https://olymposmarket.gr/image/cross-arrows-icon.png)}div#btn-fullscreen{top:5px;width:56px;height:45px;background-image:url(https://olymposmarket.gr/image/aspect-ratio-icon.svg)}div#btn-camera.active,div#btn-fullscreen.active,div#btn-help.active,div#btn-move.active,div#btn-play.active,div#btn-rotate.active{filter:invert(1) drop-shadow(0px 0px 6px green);animation:.3s forwards clicked}@keyframes clicked{0%{border:1px solid #000;border-radius:50%}}#active-controls{position:absolute;top:0;right:0;height:100%;width:80px;cursor:pointer;background:#dbdbdb0d}div#model-container{display:block;width:auto;position:relative;background:linear-gradient(45deg,#74736e,#fff4ce);min-height:550px;overflow:hidden}#video-element{width:auto;height:100vh;transform:translate(-50%,-50%);top:50%;left:50%;position:absolute}div#btn-play{position:absolute;cursor:pointer;top:5px;height:48px;background-image:url(https://olymposmarket.gr/image/pause-icon.svg)}div#btn-play.active{width:36px;background-image:url(https://olymposmarket.gr/image/play-icon.svg)}div#slider-zoom{border:1px solid #fff;position:absolute;height:40%;bottom:0;border-radius:10px}div#slider-zoom div#zoom{position:absolute;top:50%;width:100%;border-top:6px solid red;height:-webkit-fill-available;background:#ffffff73}div#slider-zoom>img{z-index:1;position:absolute;width:60%;filter:invert(1) drop-shadow(0px 0px 2px green);padding:5px}img.zoom-in{top:0;transform:translateX(40%)}img.zoom-out{top:100%;transform:translate(40%,-100%)}#ruler-width,.example-box span,div#box-help.show{transform:translateX(-50%)}span#zoom-level{border:1px solid #fff;position:absolute;bottom:41%;border-radius:10px;text-align:center;font-weight:900}#ruler-height,#ruler-width{border:1px solid red;background:#ffffff0d;z-index:0;margin:0;position:absolute}#ruler-height{left:0;height:90%;width:5%;display:flex;flex-direction:column-reverse}#ruler-width{left:50%;bottom:0;height:10%;width:90%}div#ruler-height>.centimeter{display:flex;flex-direction:column-reverse;text-align:left;min-height:60px;position:relative;margin:0;padding:0}div#ruler-height>.centimeter>span:first-child>span{width:50%;display:block;border-top:1px solid #000;top:50%;transform:translateY(-50%);position:absolute;left:0}div#ruler-height>.centimeter>span:first-child>span.number{border:unset;left:50%;top:50%;text-align:center}div#ruler-height>.centimeter>span:first-child{position:relative;width:100%;border:unset}div#ruler-height>.centimeter>span{min-height:11%;border-top:1px solid;border-bottom:1px solid #000;margin:3%;width:20%;display:block}div#ruler-height>.centimeter>span.middle{width:35%;border:unset;height:6%;position:relative}div#ruler-height>.centimeter>span:last-child{margin-top:0}div#ruler-height>.centimeter>span.middle>span{border:1px solid #000;width:100%;display:block;top:50%;position:absolute}canvas#productView:active{cursor:grabbing;cursor:-moz-grabbing;cursor:-webkit-grabbing}div#box-help{position:absolute;left:0;transform:translateX(-100%);top:5%;max-width:95%;background:#e1ffecde;border:1px solid #000;transition:.3s;max-height:80%;overflow:auto}div#box-help .instr img{display:block;margin:auto;max-width:100%}div#box-help.show{left:50%;transition:.3s}div#box-help>ul{width:100%;margin:0;padding:0;position:sticky;top:0;background:#e0f9e4;z-index:4}div#box-help>ul>li{width:14.285%;padding:10px;border-left:1px solid;border-bottom:1px solid;cursor:pointer;transition:.3s}div#box-help>ul>li>img{width:auto;height:70px;max-width:100%;max-height:100%;display:block;margin:auto}div#box-help>ul>li:first-child{border-left:unset}div#box-help>ul>li.selected{border-bottom:unset}div#box-help>ul>li.exit{background:red}div#box-help>ul>li:hover{transition:.3s;background:#0000003d}div#box-help>ul>li.selected:hover{background:unset}div#box-help>ul>li.exit:hover{transition:.3s;background:#c20000}div#box-help .instr p{width:100%;display:block;text-align:center;font-size:20px;padding:5px}div#box-help .instr.show{width:100%;height:100%}div#box-help .instr{display:none}div#box-help .instr span{font-size:15px;padding:5px 20px;display:block;margin:auto;text-align:left}img.example{width:15%}img.example.main{width:85%}img.example.correct{width:21%}.example-box{background:#fff;margin:5px 20px}.example-box.correct{border:5px solid #71ff71;filter:drop-shadow(2px 4px 6px black)}.example-box.wrong{border:5px solid red;filter:grayscale(1)}.example-box span{position:absolute;bottom:0;left:50%;font-size:2vw!important;font-weight:900;margin:2%!important}.example-box.correct span{color:#10a510}.example-box.wrong span{color:red}@media only screen and (max-width:767px){div#box-help>ul>li>img{height:30px}div#box-help{width:66%}div#box-help>ul>li{padding:3px}.example-box span{font-size:3vw!important}}
              </style>
            </div>
            {% endif %}
            ]]></add>
        </operation>

        <operation>
            <search><![CDATA[{{ tab_description }}</a></li>]]></search>
            <add position="after"><![CDATA[
            {% if has_model == '1' %}
            <li><a href="#tab-product_3d" data-toggle="tab" id="show-3d-view">3D View</a></li>
            {% endif %}
          ]]></add>
        </operation>
    </file>
</modification>
